,,base_calmar,base_retorno,calmar_-20%,retorno_-20%,calmar_+20%,retorno_+20%
reversion,n_donchian,2.9829302279546375,0.08797559184016479,2.3550262633356347,0.07024925218235989,2.7785415887939173,0.08260863070311242
reversion,n_roc,2.9829302279546375,0.08797559184016479,3.0011090741472666,0.08923632614056376,0.9948834202771415,0.030651717822668845
reversion,n_ema,2.9829302279546375,0.08797559184016479,2.8101489495672074,0.08315659600899816,2.95009103586428,0.08706204147420626
reversion,n_atr,2.9829302279546375,0.08797559184016479,2.8373439131278144,0.0891220270117088,3.3657129037103606,0.09421153446611386
reversion,k,2.9829302279546375,0.08797559184016479,3.044668375362654,0.08967647216511909,2.7179463108903064,0.08057236041748972
reversion,m,2.9829302279546375,0.08797559184016479,3.0500459741962223,0.11103731733128419,3.505173773042043,0.08468737061402765
reversion,r,2.9829302279546375,0.08797559184016479,3.3023361888424407,0.09680429794721968,2.9829302279546375,0.08797559184016479
reversion,max_hold,2.9829302279546375,0.08797559184016479,2.9829302279546375,0.08797559184016479,2.9829302279546375,0.08797559184016479
reversion,risk_frac,2.9829302279546375,0.08797559184016479,3.431500147584672,0.08184154044927716,2.7027151578107667,0.09458240432137588
tendencia,n_donchian,2.9829302279546375,0.08797559184016479,2.9665724506489983,0.08752067404132724,2.7231955422813487,0.08071972286569262
tendencia,n_roc,2.9829302279546375,0.08797559184016479,2.9271490168497416,0.0870114047052819,2.7791787418986202,0.08228318480917585
tendencia,n_ema,2.9829302279546375,0.08797559184016479,2.9829302279546375,0.08797559184016479,2.9871362865032873,0.08809252028021608
tendencia,n_atr,2.9829302279546375,0.08797559184016479,2.752530060944363,0.08149256213198841,2.6017573910281993,0.07730207936174938
tendencia,k,2.9829302279546375,0.08797559184016479,2.9938757910092733,0.08827984094022567,2.9829302279546375,0.08797559184016479
tendencia,m,2.9829302279546375,0.08797559184016479,2.288897939568745,0.06839532299459128,2.497287888126676,0.07437558227601415
tendencia,r,2.9829302279546375,0.08797559184016479,2.8299760061458006,0.08371114975633276,2.626782385960802,0.07800848832229712
tendencia,max_hold,2.9829302279546375,0.08797559184016479,2.9829302279546375,0.08797559184016479,2.9829302279546375,0.08797559184016479
tendencia,risk_frac,2.9829302279546375,0.08797559184016479,2.7538742349245275,0.08161195421949086,3.214694784033879,0.09435575570475452
crisis,n_donchian,2.9829302279546375,0.08797559184016479,2.9829302279546375,0.08797559184016479,2.77777303206593,0.08225017947994506
crisis,n_roc,2.9829302279546375,0.08797559184016479,2.9829302279546375,0.08797559184016479,2.77777303206593,0.08225017947994506
crisis,n_ema,2.9829302279546375,0.08797559184016479,2.9829302279546375,0.08797559184016479,2.9829302279546375,0.08797559184016479
crisis,n_atr,2.9829302279546375,0.08797559184016479,2.972521903059099,0.08768616282111075,2.9388862013516177,0.08675008303772791
crisis,k,2.9829302279546375,0.08797559184016479,2.9829302279546375,0.08797559184016479,2.9829302279546375,0.08797559184016479
crisis,m,2.9829302279546375,0.08797559184016479,2.993371645954735,0.08826583011885503,2.8190466328828143,0.08340551054421774
crisis,r,2.9829302279546375,0.08797559184016479,2.9829302279546375,0.08797559184016479,2.9829302279546375,0.08797559184016479
crisis,max_hold,2.9829302279546375,0.08797559184016479,2.260243114549181,0.06761056881407113,2.0845461799168286,0.06257451766661415
crisis,risk_frac,2.9829302279546375,0.08797559184016479,2.786437598730312,0.08249286487643803,3.1814449493303596,0.09347476895528284
