comision_por_lado_bps,retorno_total,operaciones
0.0,0.18871940923758346,117.0
2.5,0.1678586005809759,117.0
5.0,0.14735998298231,117.0
7.5,0.1272173352969017,117.0
10.0,0.10742454208600316,117.0
12.5,0.08797559184016479,117.0
15.0,0.06886457523216638,117.0
17.5,0.05008568339897468,117.0
20.0,0.03163320625226662,117.0
22.5,0.013501530817078278,117.0
25.0,-0.004314860401929965,117.0
27.5,-0.021821391027015413,117.0
30.0,-0.03902339238715902,117.0
32.5,-0.05592610507157081,117.0
35.0,-0.07253468045734013,117.0
37.5,-0.08885418221164287,117.0
40.0,-0.10488958776892843,117.0
42.5,-0.12064578978350937,117.0
45.0,-0.13612759755792836,117.0
47.5,-0.15133973844755266,117.0
50.0,-0.1662868592417276,117.0
