,fold,test_start,oos_return,oos_trades,bars_reversion,is_reversion,bars_tendencia,is_tendencia,bars_crisis,is_crisis,regimes_traded
0,0,2023-07-31 17:35:00+00:00,0.0,0,3612,-2.048730983453038,2388,14.028758111075923,624,-4.118218147748033,1
1,1,2023-08-07 22:15:00+00:00,0.014118513224940843,3,5400,9.666289032978566,2364,16.55298794448939,876,-4.460624357240279,2
2,2,2023-08-15 03:50:00+00:00,0.010776859400117411,1,5868,-1.5896566312281941,1836,0.11273321354407721,936,-0.31305632522585286,1
3,3,2023-08-22 06:40:00+00:00,0.002675817301297956,4,5688,-1.5925676537012379,1716,60.33693156493465,1236,7.219751004529962,2
4,4,2023-08-29 10:45:00+00:00,0.01105777045541867,2,6252,-1.485080756537384,912,91.65224600516152,1476,7.225673393944788,2
5,5,2023-09-05 14:45:00+00:00,-0.03321622808305946,7,6132,76.93731081041227,828,118.2388892589289,1680,5.121901352381978,3
6,6,2023-09-12 21:25:00+00:00,0.009046859034079757,4,5772,108.87788260817665,996,76.95043278778192,1872,14.744261157323798,3
7,7,2023-09-20 01:35:00+00:00,-0.04161698851280948,9,5700,59.7364403778141,1512,21.227426875930615,1428,2.1761690796758715,3
8,8,2023-09-27 06:05:00+00:00,0.007141845746805986,7,5880,87.08179968041499,2496,9.942192279520464,264,,2
9,9,2023-10-04 11:25:00+00:00,-0.014045812074644837,11,4548,52.602943971433795,3660,80.81953254443339,432,0.5389238609104515,3
10,10,2023-10-11 14:55:00+00:00,0.023282322515271625,9,4380,119.12256570342814,3600,94.54487134072818,660,-4.913055349903818,2
11,11,2023-10-18 15:45:00+00:00,0.010400702998661027,7,3684,51.728803195340504,4092,51.167248572309155,864,5.291112429865826,3
12,12,2023-10-25 20:10:00+00:00,-0.05230993427525876,7,3024,101.1381466031244,3156,68.58922423825649,2460,102.55553336969076,3
13,13,2023-11-01 21:45:00+00:00,-0.01416947325863982,5,3072,46.167042589508455,2616,79.54610361525538,2952,47.59814160968944,3
14,14,2023-11-08 22:30:00+00:00,0.009430457321790042,5,3540,47.04373583551668,2076,26.11893552591307,3024,66.43907900105646,3
15,15,2023-11-16 00:15:00+00:00,-0.024218024531429183,12,3060,35.16446343352615,2472,72.48024919730335,3108,82.6275013105723,3
16,16,2023-11-23 02:00:00+00:00,-0.008861485719419804,8,4536,47.71755080468329,1824,23.940052194293116,2280,14.617548316405708,3
