,fold,test_start,oos_return,oos_trades,is_calmar,traded,p_n_donchian,p_n_roc,p_n_ema,p_n_atr,p_k,p_m,p_r,p_max_hold,p_signal_exit_after,p_risk_frac
0,0,2023-07-31 17:35:00+00:00,0.0,0,-1.31355359901119,False,103,12,16,18,1.0189557724552727,35.00941692760751,1.8430349762399543,1638,0,0.028431575376509848
1,1,2023-08-07 22:15:00+00:00,0.0,0,-1.2291395670303638,False,12,13,572,12,1.2094369143032357,13.453263173017776,1.89171865952944,1875,0,0.02946083503639144
2,2,2023-08-15 03:50:00+00:00,0.0,0,-1.3342985544528232,False,68,12,16,12,1.037143699147793,27.482736232568875,3.2135063521141456,2075,0,0.028150718717157634
3,3,2023-08-22 06:40:00+00:00,0.0,0,-1.3552301655229955,False,87,12,15,15,1.0084849461510665,41.88860400634243,1.7422346690126074,1761,0,0.02976554396158501
4,4,2023-08-29 10:45:00+00:00,0.0,0,-1.066800546739277,False,122,26,758,327,2.8789978831283785,54.74136752138244,2.994749947027713,2678,288,0.005610872504921318
5,5,2023-09-05 14:45:00+00:00,0.0022163704080502278,6,61.33569851815502,True,319,50,463,779,2.073294175536921,57.117494145817474,2.2714111990532597,2412,288,0.012939650696179047
6,6,2023-09-12 21:25:00+00:00,0.0025867504615197934,7,67.6179805266686,True,18,14,104,688,2.3050023876842096,57.43949251174415,2.1419621948968066,2392,288,0.0057593392911495945
7,7,2023-09-20 01:35:00+00:00,0.0,0,-1.2524434453544113,False,264,13,15,22,1.020390625421034,21.725412579989214,1.5197389509983141,1912,0,0.025381211517931112
8,8,2023-09-27 06:05:00+00:00,0.0,0,-1.2129342821689892,False,12,15,389,35,1.0123280302046151,17.44040539346616,1.635080815442327,1477,0,0.029056794537822506
9,9,2023-10-04 11:25:00+00:00,0.0,0,-1.1907560427245598,False,13,12,469,16,1.1769772437204233,16.644575973249584,1.697093718356069,2171,0,0.02512167894369906
10,10,2023-10-11 14:55:00+00:00,0.0,0,-1.243327888936965,False,63,12,15,14,1.0133653351686602,22.43684413154095,1.8957743628230077,2663,0,0.02732898159089873
11,11,2023-10-18 15:45:00+00:00,0.0,0,-1.2116949859499717,False,642,12,45,12,1.0078901748359228,15.912970352612334,1.8692692348618278,2139,0,0.026587984866540033
12,12,2023-10-25 20:10:00+00:00,-0.07460294078270446,5,713.9942401569753,True,387,557,17,815,1.5576171413608577,24.224477103666437,3.1611121565512645,1637,1000000000,0.02944678227145428
13,13,2023-11-01 21:45:00+00:00,-0.0014926076433932067,7,45.63207601831392,True,76,18,77,40,1.4273165149238585,54.440405809327494,3.863352357152721,2052,288,0.006017773709902588
14,14,2023-11-08 22:30:00+00:00,0.009264802403514016,3,93.42962885779143,True,461,40,757,379,2.792965039476521,59.40458606783553,3.830967372850426,1601,288,0.008022078992958629
15,15,2023-11-16 00:15:00+00:00,-0.007371113382216077,7,80.32807553669583,True,305,15,547,550,2.6927052428881786,49.856274366378514,2.6310886339838726,547,288,0.004282618550847214
16,16,2023-11-23 02:00:00+00:00,1.1220909502895893e-05,8,15.593007516244947,True,115,33,17,15,1.1483083947623558,37.13592450762298,2.0568640873939623,2636,288,0.016180241614540947
